"ID","Age","Income","Education","City","Department","Score","Years_Experience","Satisfaction","Salary_Bonus","Performance_Rating"
1,66,34415.82,"Master","Houston","HR",85.8,12,6,807.73,"Fair"
2,54,35660.88,"Master","Phoenix","Finance",52.8,18,10,6660.67,"Good"
3,18,30583.74,"Bachelor","New York","Sales",86.3,30,2,4448.37,"Good"
4,42,71724.15,"Bachelor","Phoenix","Marketing",42.2,14,10,5051.07,"Good"
5,27,77299.44,"Master","Phoenix","HR",98.3,15,8,8231.42,"Good"
6,53,46741.1,"Bachelor","Los Angeles","Engineering",85.5,26,5,4651.65,"Good"
7,35,32420.45,"Bachelor","New York","Engineering",75.8,22,3,5472.49,"Fair"
8,75,53241.37,"High School","Los Angeles","Engineering",38.6,16,10,5299.01,"Good"
9,66,99838.07,"High School","Chicago","HR",73.7,21,4,8071.19,"Good"
10,64,95826.26,"High School","Los Angeles","Marketing",63.9,21,9,4380.43,"Excellent"
11,41,20603.99,"PhD","Houston","Finance",92.5,28,8,3396.33,"Fair"
12,24,47861.87,"Bachelor","Phoenix","Engineering",50.5,13,5,3520.37,"Fair"
13,53,85665.61,"Master","New York","Sales",50.8,24,9,805.44,"Fair"
14,42,54235.12,"Bachelor","New York","Engineering",71.6,29,2,1262.14,"Excellent"
15,54,86948.26,"Master","Chicago","Marketing",74.2,12,3,7604.02,"Good"
16,63,48328.29,"Master","New York","Marketing",65.6,9,5,4893.23,"Excellent"
17,37,67099.72,"Bachelor","Los Angeles","HR",72.2,25,6,5152.42,"Good"
18,43,NA,"Bachelor","Los Angeles","Engineering",71.1,28,9,5461.15,"Excellent"
19,67,119581.39,"High School","Houston","HR",67.1,24,6,7409.56,"Good"
20,64,73409.05,"High School","Houston","Finance",64.9,21,6,4446.34,"Good"
21,20,NA,"Master","Los Angeles","Finance",72.6,20,9,4661.31,"Good"
22,58,42922.38,"High School","Houston","Engineering",89.5,19,1,6868.39,"Good"
23,42,62404.71,"Bachelor","Chicago","Engineering",102.9,7,5,7250.75,"Good"
24,44,16979.99,"Master","Houston","HR",90.3,16,3,6957.06,"Excellent"
25,53,18911.8,"Master","Houston","Finance",75.7,29,3,2682.65,"Excellent"
26,54,32563.55,"High School","New York","HR",57,12,8,5398.15,"Fair"
27,48,48041.41,"Bachelor","Los Angeles","Sales",88.6,22,3,4105.48,"Excellent"
28,62,79778.04,"Bachelor","Chicago","Finance",96.9,0,4,4096.16,"Good"
29,22,49516.05,"Bachelor","Houston","Engineering",72.2,1,9,5571.15,"Good"
30,37,58247.61,"Master","Los Angeles","Sales",72.1,13,7,8090.1,"Fair"
31,51,53707.86,"PhD","New York","Sales",93.6,10,7,1563.41,"Good"
32,45,40895.26,"High School","Phoenix","Sales",77.8,24,5,3322.66,"Excellent"
33,57,82243.95,"High School","New York","Marketing",109.1,29,6,4948.39,"Excellent"
34,20,33069.74,"PhD","Houston","Engineering",74.2,18,7,4234.44,"Excellent"
35,75,50431.33,"High School","New York","HR",50.8,4,5,6701.86,"Excellent"
36,50,48043.44,"Master","Los Angeles","Marketing",90.9,25,6,4601.76,"Fair"
37,59,65642.57,"Master","Houston","Sales",80.4,28,5,4046.57,"Good"
38,41,87144.69,"Bachelor","Houston","Sales",71,15,10,7826.84,"Good"
39,47,65276.29,"High School","Chicago","Finance",56.2,4,10,6865.06,"Good"
40,60,82647.46,"High School","Houston","Finance",88.1,19,6,2969.01,"Poor"
41,32,70261.94,"Master","Phoenix","Finance",83.9,10,5,1447.56,"Fair"
42,39,42508.31,"Bachelor","Phoenix","Sales",79.1,23,7,5468.66,"Good"
43,75,56630.88,"Bachelor","Phoenix","Engineering",98.3,3,6,9800.97,"Good"
44,25,82521.58,"Bachelor","Phoenix","Finance",59,9,2,4017.38,"Fair"
45,53,23774.68,"Bachelor","Chicago","HR",78.1,24,6,2230.67,"Good"
46,21,61495.41,"Master","Los Angeles","Marketing",71.3,6,7,2853.18,"Fair"
47,39,51864.19,"High School","New York","HR",82.7,5,10,2347.21,"Good"
48,35,72555.68,"Bachelor","New York","Finance",81.6,16,2,4306.9,"Poor"
49,62,70003.33,"Bachelor","Los Angeles","Finance",73.2,18,9,6937.13,"Good"
50,45,61021.07,"PhD","New York","Marketing",52.5,17,4,5621.06,"Good"
51,22,84856.22,"Bachelor","Chicago","Marketing",75.7,24,5,7050.51,"Good"
52,21,24490.12,"Bachelor","Los Angeles","Marketing",97.2,2,2,7345.08,"Poor"
53,51,73214.35,"High School","Houston","Sales",45.5,26,2,5479.36,"Fair"
54,73,23409.36,"Bachelor","Chicago","Marketing",66.9,10,7,5717.82,"Excellent"
55,67,66754.33,"PhD","Houston","Engineering",82.5,3,4,3057.08,"Excellent"
56,52,56792.85,"Bachelor","Houston","Sales",58.6,2,8,6330.74,"Good"
57,41,74345.23,"High School","Los Angeles","Marketing",59.6,17,10,5164.6,"Good"
58,40,56576.25,"Bachelor","Los Angeles","Finance",59.8,15,2,3451.69,"Excellent"
59,66,23626,"Master","New York","Engineering",63.3,20,9,4316.98,"Poor"
60,70,14843.54,"High School","New York","Engineering",80.4,25,3,5416.84,"Poor"
61,43,65819.47,"Master","Chicago","Finance",105,11,6,9841.72,"Good"
62,67,53532.47,"Bachelor","Phoenix","Engineering",83.3,3,8,7562.35,"Fair"
63,23,43579.63,"High School","Houston","HR",62.9,22,9,3167.6,"Excellent"
64,23,48778.63,"High School","New York","Engineering",66.6,1,6,6308.77,"Excellent"
65,19,41571.7,"Master","New York","Engineering",58.7,7,10,3241.86,"Fair"
66,69,51853.19,"Bachelor","Phoenix","Engineering",64.2,16,10,6157.83,"Good"
67,20,36373.9,"High School","Phoenix","Marketing",64.6,20,4,2500.73,"Fair"
68,71,15339.81,"High School","Houston","Marketing",96.2,23,7,2142.65,"Fair"
69,38,50608,"Bachelor","Phoenix","Finance",84.6,11,2,5363.34,"Poor"
70,19,75905.52,"Master","Los Angeles","Finance",49.2,8,7,6835.5,"Fair"
71,72,92546.59,"High School","Los Angeles","Finance",87.4,11,4,3146.02,"Good"
72,55,55052.12,"High School","Houston","HR",94.2,24,8,6894.8,"Good"
73,75,53386.6,"Bachelor","Phoenix","Marketing",71.5,16,7,7490.4,"Excellent"
74,27,74259.65,"Bachelor","Phoenix","Finance",95.4,29,10,6314.29,"Excellent"
75,57,56071.42,"Bachelor","Houston","Finance",80.1,29,5,7235.02,"Good"
76,22,46302.03,"Bachelor","New York","Engineering",84.6,7,2,5224.16,"Good"
77,50,20254.05,"High School","Phoenix","Marketing",70.2,1,2,8492.04,"Fair"
78,66,29726.09,"PhD","Houston","Marketing",96.6,29,4,6890.66,"Good"
79,56,NA,"High School","Phoenix","Marketing",75.8,10,8,5418.32,"Good"
80,53,25806.92,"PhD","Houston","Finance",71,22,1,3825.79,"Good"
81,62,75969.15,"Bachelor","New York","Engineering",82,29,8,5360.37,"Good"
82,59,28071.39,"High School","Phoenix","Marketing",73.3,1,10,7460.41,"Good"
83,26,51128.59,"Master","Houston","HR",71.2,23,8,NA,"Good"
84,46,54953.28,"Master","Chicago","Sales",85.9,11,7,3636.15,"Good"
85,29,54743.41,"Bachelor","Phoenix","Engineering",72,3,6,3360.26,"Good"
86,37,58038.95,"Bachelor","Houston","Finance",68.7,19,7,6072.56,"Fair"
87,26,66970.22,"Bachelor","Los Angeles","HR",66.9,23,10,3035.42,"Good"
88,60,52475.75,"Master","Los Angeles","HR",54.1,21,7,7744.85,"Fair"
89,52,50029.29,"Master","Phoenix","Sales",99.1,3,5,4908.99,"Good"
90,46,58206.55,"Bachelor","New York","HR",65.2,22,2,5385.57,"Good"
91,33,46327.16,"High School","Chicago","Finance",69.3,26,3,NA,"Good"
92,54,85748.25,"Bachelor","New York","Sales",76.3,1,3,7616.19,"Good"
93,45,11595.07,"High School","New York","Finance",65.3,18,9,4265.97,"Good"
94,73,75540.09,"High School","Houston","Engineering",44.8,1,3,6653.91,"Good"
95,63,50030.34,"Bachelor","New York","Finance",81.7,3,3,898.82,"Excellent"
96,22,63446.41,"Master","Phoenix","Sales",82.9,24,8,6083.43,"Poor"
97,45,74753.07,"Bachelor","New York","HR",71.3,23,1,5725.98,"Good"
98,71,71711.36,"Bachelor","Phoenix","HR",66.8,19,6,1816.84,"Excellent"
99,19,41789.56,"Bachelor","Los Angeles","Marketing",62.9,20,7,5345.66,"Good"
100,35,86281.39,"Bachelor","Phoenix","Finance",104.3,7,3,2454.07,"Good"
101,41,22540.48,"High School","Phoenix","HR",NA,12,7,3264.21,"Fair"
102,66,72277.93,"Master","Houston","Engineering",74.5,20,1,6252.64,"Poor"
103,35,44767.94,"High School","Chicago","Engineering",76.6,2,8,4788.74,"Good"
104,22,16652.7,"PhD","Houston","HR",71.5,1,8,4487.36,"Poor"
105,63,17683.72,"Bachelor","New York","Engineering",110.9,14,7,3562.54,"Good"
106,57,59903.58,"High School","New York","HR",74.8,22,4,959.73,"Excellent"
107,72,99470.69,"Master","New York","Finance",58.7,11,5,5779.23,"Excellent"
108,57,60467.52,"Bachelor","New York","Sales",79.7,6,7,216.02,"Poor"
109,38,77615.7,"Master","Los Angeles","Finance",91.4,17,8,7125.13,"Poor"
110,53,71773.39,"High School","Phoenix","Sales",59.7,20,7,5337.35,"Good"
111,74,41907.69,"High School","Chicago","Marketing",100.1,25,1,5195.5,"Good"
112,53,74079.22,"Master","Los Angeles","Sales",79.1,7,7,4051.54,"Poor"
113,56,62059.03,"High School","Los Angeles","HR",72.3,16,6,732.75,"Excellent"
114,59,59131.99,"Bachelor","New York","Sales",88,14,5,5961.8,"Good"
115,35,75022.26,"PhD","Los Angeles","HR",54,23,2,5612.57,"Good"
116,44,NA,"Bachelor","Los Angeles","Marketing",97.2,1,10,4217.71,"Excellent"
117,30,42468.5,"High School","Houston","HR",66.1,16,3,5554.89,"Fair"
118,70,62904.47,"Master","Phoenix","Marketing",61.7,26,9,6617.68,"Excellent"
119,71,37156.64,"Master","Los Angeles","Marketing",67.1,22,6,5950.32,"Good"
120,36,67616.37,"PhD","Phoenix","Engineering",75.5,28,4,6308.59,"Good"
121,49,46345.9,"High School","Houston","Finance",60.8,0,7,5980.14,"Good"
122,33,64042.77,"Bachelor","Los Angeles","Engineering",37.5,11,8,3753.8,"Excellent"
123,71,62359.98,"PhD","Chicago","Engineering",77.2,9,4,8871.91,"Poor"
124,77,49592.25,"Bachelor","Chicago","Marketing",87.9,20,3,6117.54,"Good"
125,46,64310.25,"High School","Houston","Engineering",71.9,7,10,5755.28,"Excellent"
126,34,66487.12,"High School","Chicago","HR",81,26,5,4337.07,"Fair"
127,61,50386,"Master","Houston","Marketing",86.4,7,2,1577.26,"Excellent"
128,26,78444.85,"High School","Los Angeles","Sales",60.5,26,7,4520.66,"Fair"
129,74,82854.05,"Bachelor","Los Angeles","Sales",100.6,6,3,4055.11,"Good"
130,38,41760.17,"High School","Phoenix","HR",62.8,19,10,968.12,"Fair"
131,79,39452.62,"Bachelor","New York","Marketing",75.8,14,1,6586.23,"Good"
132,60,65270.77,"Bachelor","Phoenix","HR",102.3,20,7,4855.51,"Good"
133,74,36733.76,"Master","New York","Sales",78.5,11,2,7735.58,"Good"
134,75,46011.52,"Master","Chicago","Engineering",74.6,3,3,4709.17,"Excellent"
135,65,71058.65,"PhD","Phoenix","Marketing",58,17,4,8020.04,"Excellent"
136,25,NA,"Master","Chicago","Marketing",57.6,13,2,2680.06,"Fair"
137,46,16437.5,"Bachelor","Chicago","Sales",66.8,20,3,2809.04,"Excellent"
138,72,68287.82,"High School","Houston","Sales",68.5,7,6,4350.72,"Excellent"
139,55,22949.2,"PhD","Los Angeles","Engineering",99.9,20,1,7216.83,"Good"
140,18,27907.99,"High School","Houston","Engineering",66.6,14,6,1996.76,"Good"
141,30,-5358.65,"High School","Chicago","Engineering",57.8,12,1,8530.84,"Excellent"
142,31,71624.76,"Bachelor","Los Angeles","HR",85.6,17,9,6141.31,"Fair"
143,22,60021.94,"Master","Phoenix","Engineering",77.4,16,3,6127.98,"Excellent"
144,26,64245.87,"High School","Houston","Sales",76.7,21,8,3368.17,"Good"
145,72,71895.84,"Bachelor","Phoenix","Sales",97.4,16,7,5343.42,"Good"
146,33,54160.57,"Master","Chicago","Finance",90.3,7,7,3554.29,"Fair"
147,43,32888.48,"High School","Phoenix","Finance",92.6,10,9,4615.08,"Good"
148,60,66275.51,"Bachelor","New York","Marketing",71.3,6,9,4355.99,"Fair"
149,59,81067.3,"Bachelor","New York","Marketing",72.5,5,7,6704.43,"Good"
150,59,24995.58,"High School","Chicago","Sales",73.7,26,10,4211.29,"Good"
151,73,42860.22,"Bachelor","Los Angeles","Finance",62.6,25,7,3757.66,"Good"
152,50,49155.1,"Bachelor","Los Angeles","Marketing",57.2,2,10,4971.17,"Good"
153,76,29206.33,"Master","New York","Sales",80.9,26,3,6208.48,"Good"
154,74,68882.12,"Master","New York","Finance",72.3,0,2,6695.82,"Good"
155,46,43016.36,"PhD","Houston","Engineering",75,28,10,6297.45,"Fair"
156,42,80138.13,"Bachelor","Houston","Sales",92.7,30,4,7608.16,"Good"
157,68,56070.16,"Bachelor","Phoenix","Engineering",64.7,25,6,6632.15,"Poor"
158,80,69561.85,"Bachelor","Houston","Engineering",104.5,5,7,1640.76,"Good"
159,49,86221.96,"Bachelor","Chicago","HR",68.4,18,10,7845.94,"Fair"
160,34,60312.5,"Bachelor","Houston","Marketing",86.7,18,1,6965.75,"Excellent"
161,63,76534.53,"Bachelor","New York","HR",58,13,7,3971.46,"Excellent"
162,31,59213.96,"High School","Chicago","HR",79.1,1,9,7669.32,"Good"
163,64,24766.53,"Bachelor","Houston","Marketing",63.5,28,5,1793.44,"Good"
164,23,NA,"Bachelor","Chicago","Finance",63.9,11,1,5062.69,"Fair"
165,73,69362.72,"Master","Houston","Finance",56.2,8,3,8349.85,"Good"
166,64,64789.14,"Bachelor","New York","Sales",74.7,21,5,6293.55,"Good"
167,60,51522.23,"Master","Houston","Marketing",86.4,29,6,6033.74,"Fair"
168,79,30646.01,"Bachelor","Phoenix","Sales",72.4,13,10,1195.79,"Poor"
169,54,67927.97,"High School","New York","Finance",71,13,3,2462.49,"Good"
170,33,36670.88,"PhD","Phoenix","Finance",68.6,6,9,3260.46,"Good"
171,66,29963.53,"Master","Chicago","Sales",85.3,3,1,3858.73,"Fair"
172,71,66898.55,"Master","Houston","Finance",90.8,4,9,8305.67,"Excellent"
173,66,30343.79,"Bachelor","Chicago","Finance",42.1,16,7,4718.18,"Good"
174,67,59887.29,"High School","Los Angeles","Sales",67.5,25,1,3646.89,"Poor"
175,48,55055.44,"High School","Los Angeles","Marketing",88.2,18,10,4731.28,"Good"
176,51,28435.81,"Bachelor","New York","Sales",98.2,12,7,7513.94,"Good"
177,47,78593.93,"Master","Houston","Marketing",83.7,22,1,5773.31,"Good"
178,49,43143.9,"Bachelor","Chicago","HR",73,17,2,4267.67,"Good"
179,23,78999.57,"Bachelor","Phoenix","Sales",84.1,9,2,600.32,"Good"
180,39,45499.33,"Bachelor","Houston","HR",78.3,6,3,6414.47,"Excellent"
181,55,43498.86,"Bachelor","Los Angeles","Engineering",82.9,1,10,4294.43,"Good"
182,48,54375.48,"High School","Houston","Engineering",81.9,9,9,5497.53,"Good"
183,23,47838.86,"Bachelor","Los Angeles","Sales",97.6,13,2,4729.18,"Excellent"
184,37,47867.98,"Bachelor","Houston","HR",80.3,7,9,4554.7,"Good"
185,77,37446.71,"PhD","Houston","Finance",69,3,1,5899.57,"Fair"
186,32,30742.06,"Bachelor","Houston","Sales",90.4,3,6,5488.04,"Fair"
187,51,67265.73,"Bachelor","Los Angeles","Sales",63,3,8,5031.29,"Fair"
188,59,38875.93,"Master","New York","Finance",70.5,16,8,8565.86,"Excellent"
189,40,27470.86,"High School","Chicago","Engineering",39,30,8,3043.56,"Good"
190,77,44843.04,"Bachelor","Chicago","Marketing",77.9,2,1,5994,"Good"
191,79,38981.29,"PhD","Phoenix","Engineering",84.5,25,6,5731.48,"Fair"
192,29,11144.29,"Bachelor","Chicago","Finance",49.2,25,3,3664.28,"Poor"
193,43,49181.26,"Master","New York","Engineering",113.1,23,6,1712.71,"Fair"
194,58,58343.48,"Bachelor","Los Angeles","HR",61,0,6,5852.24,"Good"
195,18,60893.85,"High School","New York","Sales",55.6,16,8,6325,"Good"
196,19,62854.83,"Bachelor","Chicago","Marketing",70.1,18,9,6448.72,"Fair"
197,73,34983.13,"Master","Houston","Marketing",79.5,11,6,5475.65,"Poor"
198,41,48485.46,"Master","Chicago","Marketing",68.4,4,5,5737.66,"Good"
199,51,34833.02,"PhD","Houston","Marketing",82.5,11,2,4929.41,"Excellent"
200,42,42291.37,"Bachelor","Chicago","Marketing",61.6,14,10,4407.65,"Good"
201,45,30803.19,"High School","Chicago","Finance",86,28,6,6477.01,"Excellent"
202,60,32670.72,"High School","Chicago","Engineering",76.9,2,8,5856.47,"Good"
203,78,67597.62,"Bachelor","Los Angeles","Marketing",103.3,3,2,9051.14,"Good"
204,79,49549.57,"Bachelor","Los Angeles","Sales",80.7,15,4,4493.88,"Good"
205,31,49823.18,"PhD","Los Angeles","Finance",74.3,3,8,2495.85,"Excellent"
206,51,89591.16,"PhD","Los Angeles","Engineering",77,5,3,4048.72,"Fair"
207,77,53832.16,"PhD","Chicago","Finance",83.3,3,2,5579.36,"Good"
208,19,44258.72,"Master","Houston","Sales",62.9,30,2,6493.15,"Fair"
209,48,69945.73,"Bachelor","Chicago","Finance",59.9,17,2,5209,"Good"
210,49,45254.84,"Bachelor","Chicago","Finance",87.9,10,5,5814.21,"Excellent"
211,44,82458.16,"Master","Houston","Engineering",76.3,20,5,5602.96,"Good"
212,27,47446.55,"Master","Los Angeles","Sales",52.8,13,10,6744.08,"Poor"
213,74,42676.95,"High School","Chicago","HR",60.5,4,1,8802.4,"Good"
214,45,31637.5,"Bachelor","Chicago","Marketing",76.6,27,8,7402.07,"Fair"
215,71,61572.81,"Master","Phoenix","Sales",92.7,6,2,5997.32,"Good"
216,54,84330.21,"Bachelor","Houston","Marketing",77.9,0,8,5655.97,"Good"
217,27,47879.81,"Master","New York","Sales",74.9,16,5,2926.26,"Good"
218,66,60229.35,"Master","Phoenix","Marketing",68.1,1,2,6256.14,"Poor"
219,66,61666.58,"High School","Los Angeles","Marketing",64.1,12,9,2222.01,"Excellent"
220,22,83443.86,"High School","Phoenix","HR",65.4,14,1,4006.31,"Poor"
221,52,68277.53,"High School","Los Angeles","Engineering",81.7,1,7,9129.25,"Fair"
222,31,33526.9,"Bachelor","Houston","Engineering",66.2,15,4,3997.81,"Excellent"
223,31,41061.96,"Bachelor","New York","Marketing",77.8,24,2,6041.85,"Fair"
224,45,40077.39,"High School","Los Angeles","Finance",70.5,10,3,6087.79,"Good"
225,75,57831.46,"Bachelor","Phoenix","Sales",77.4,18,5,4086.16,"Fair"
226,50,54921.06,"Bachelor","Phoenix","Engineering",90.3,19,9,3737.26,"Good"
227,54,62358.75,"Master","Phoenix","Sales",87,10,4,6777.07,"Fair"
228,52,41853.14,"Bachelor","Houston","HR",74.3,19,4,8709.96,"Excellent"
229,71,47473.07,"High School","Los Angeles","Finance",60.1,23,9,NA,"Fair"
230,43,69827.2,"Master","Los Angeles","Finance",83.6,30,3,NA,"Good"
231,80,53007.86,"High School","Los Angeles","Finance",77,19,7,4995.06,"Good"
232,48,41914.2,"Bachelor","Phoenix","Finance",59.8,16,6,626.91,"Fair"
233,62,74423.29,"Bachelor","Houston","Engineering",90.1,16,5,3531.53,"Poor"
234,60,55269.93,"Bachelor","Los Angeles","HR",88.1,7,10,7305.75,"Fair"
235,69,36669.31,"Bachelor","Houston","Sales",64.6,20,3,2084.59,"Good"
236,75,89193.77,"Bachelor","Los Angeles","Sales",115.2,27,8,5158.27,"Poor"
237,49,31637.98,"High School","New York","Engineering",27.9,16,8,9191.95,"Poor"
238,34,19379.27,"High School","Chicago","HR",84.7,24,3,2805.98,"Excellent"
239,76,9937.35,"Bachelor","Chicago","Engineering",67.8,30,1,3757.69,"Good"
240,44,68022.52,"High School","Los Angeles","Finance",77.9,27,4,4731.04,"Fair"
241,47,44343.35,"High School","Houston","Sales",59.3,6,1,7252.97,"Good"
242,69,49488.81,"Master","Phoenix","HR",71.3,20,5,4014.34,"Poor"
243,53,60792.54,"High School","Chicago","Marketing",65.8,19,4,3071,"Good"
244,37,45670.32,"High School","Phoenix","HR",82.5,27,7,4461.54,"Poor"
245,28,22838.8,"High School","New York","Finance",81.9,9,3,3867.65,"Good"
246,34,16004.32,"Bachelor","Phoenix","Engineering",86,20,2,5673.82,"Fair"
247,26,48186,"High School","Chicago","Finance",81,17,4,4731.9,"Good"
248,34,58494.51,"Bachelor","Phoenix","Marketing",73.7,24,2,4531.34,"Good"
249,79,9444.45,"High School","New York","Marketing",73.6,2,4,2625.53,"Excellent"
250,30,60810.49,"Master","Houston","Sales",103,20,4,8462.1,"Fair"
251,48,63446.13,"Bachelor","Houston","Sales",87.8,19,9,3134.84,"Excellent"
252,79,80894.75,"Master","Phoenix","HR",74.1,9,8,1356.55,"Excellent"
253,77,58294.28,"Bachelor","Los Angeles","Finance",97.5,21,4,3910.14,"Fair"
254,80,59099.08,"Master","Phoenix","Marketing",81.8,26,8,2944.98,"Good"
255,66,67092.07,"Master","Chicago","Engineering",73.5,15,4,7633.83,"Poor"
256,78,54617.18,"Bachelor","Los Angeles","Finance",59.7,27,2,4783.58,"Good"
257,69,53405.71,"Master","New York","HR",80.2,17,9,3390.24,"Excellent"
258,18,57319.69,"Master","Houston","Engineering",82.8,14,9,5572.8,"Good"
259,34,69883.47,"PhD","Los Angeles","Sales",65.4,6,5,5753.12,"Good"
260,50,46374.19,"Master","Phoenix","Sales",60,25,8,7035.79,"Good"
261,45,45009.42,"Bachelor","Chicago","Engineering",55.1,8,2,3823.01,"Fair"
262,19,NA,"High School","Phoenix","Sales",61.9,10,7,2569.35,"Excellent"
263,48,35844.85,"Bachelor","Houston","Engineering",91.1,16,10,6966.4,"Excellent"
264,25,61536,"High School","Phoenix","Sales",82,27,8,5105.43,"Excellent"
265,80,85947.44,"Master","Los Angeles","Finance",61.1,25,10,4360.01,"Good"
266,33,35622.81,"Bachelor","Chicago","Finance",51.3,15,8,5638.67,"Excellent"
267,20,51231.19,"PhD","Houston","Engineering",33.2,12,1,4907.1,"Good"
268,54,34399.98,"PhD","Houston","Engineering",61,21,5,4030.45,"Good"
269,30,73161.73,"Master","Phoenix","Sales",82.2,5,5,3964.01,"Poor"
270,29,48652.36,"High School","Los Angeles","Finance",57.1,10,9,4594.51,"Good"
271,18,58580.08,"Bachelor","New York","Finance",79.6,22,5,4292.67,"Good"
272,47,NA,"High School","Phoenix","HR",101,2,9,5269.24,"Poor"
273,68,33914.42,"Bachelor","Houston","HR",42.6,15,7,7037.15,"Good"
274,77,52905.11,"Master","Phoenix","Finance",73.2,10,10,3139.93,"Fair"
275,48,50433.15,"PhD","New York","Engineering",60.4,16,6,7181.4,"Good"
276,54,68507.11,"High School","Houston","HR",89.4,1,10,5917.62,"Good"
277,64,30335.11,"PhD","Houston","Finance",75.1,27,4,3258.27,"Good"
278,73,31000.77,"Bachelor","Los Angeles","HR",80.3,15,1,4312.82,"Excellent"
279,23,70317.33,"High School","New York","HR",77.6,6,6,7202.73,"Excellent"
280,72,43238.04,"Bachelor","Los Angeles","Finance",78.5,20,10,7759.38,"Good"
281,33,41794.08,"PhD","Phoenix","Finance",79.9,9,8,5571.9,"Fair"
282,27,57260.27,"Bachelor","Phoenix","Sales",60.4,1,8,4624.74,"Good"
283,24,48592.02,"High School","Chicago","Sales",94.2,30,1,1296.55,"Excellent"
284,80,92327.63,"Master","Houston","HR",97.9,18,4,1336.45,"Good"
285,26,60190.63,"Bachelor","Phoenix","Finance",72.7,5,9,6202.05,"Good"
286,58,58231.2,"High School","Houston","HR",72.3,12,8,5542.06,"Good"
287,42,73621.5,"High School","Chicago","Sales",47.4,7,4,6841.17,"Fair"
288,20,NA,"High School","Houston","Engineering",77.5,15,7,8087.22,"Excellent"
289,35,NA,"High School","Los Angeles","Sales",41.2,2,7,7269.59,"Good"
290,70,33542.49,"Bachelor","Chicago","Finance",71.9,21,8,4156.46,"Poor"
291,64,9140.57,"Bachelor","New York","HR",52.7,3,2,6917.95,"Excellent"
292,45,NA,"Master","Los Angeles","Engineering",62.9,1,8,3956.26,"Good"
293,77,57282.19,"High School","Chicago","HR",72.6,12,10,6601.22,"Good"
294,32,34334.06,"Bachelor","Houston","Engineering",82.9,1,7,7878.48,"Good"
295,46,68776.16,"Bachelor","Phoenix","Engineering",96,1,6,5111.02,"Good"
296,74,69501.66,"High School","Houston","Finance",NA,16,3,6673.88,"Fair"
297,37,59347.6,"High School","Phoenix","HR",71.8,30,2,3118.04,"Fair"
298,42,50966.87,"Bachelor","Houston","Engineering",71.5,12,1,5020.02,"Excellent"
299,33,27686.2,"Bachelor","Los Angeles","Marketing",67.6,12,7,3268.71,"Excellent"
300,71,48821.25,"High School","Phoenix","Sales",70.4,8,1,5324.2,"Good"
301,41,45941.94,"High School","Los Angeles","HR",85.7,14,5,3795.73,"Good"
302,50,68264.58,"High School","New York","Sales",101.3,4,1,4299.01,"Excellent"
303,78,81172.59,"Master","Los Angeles","Finance",98.5,18,4,4043.09,"Good"
304,55,65020.81,"High School","Chicago","Marketing",73.3,7,7,4374.91,"Good"
305,60,32434.23,"Bachelor","New York","Engineering",83.8,14,9,3443.3,"Good"
306,58,88419.95,"High School","Los Angeles","HR",66.2,11,3,3680.94,"Poor"
307,39,75207.06,"High School","Phoenix","Marketing",52.4,16,9,4485.14,"Excellent"
308,43,59470.42,"Master","Phoenix","HR",82.8,6,8,7334.75,"Good"
309,71,10870.31,"PhD","Phoenix","Finance",80.5,23,3,7532.84,"Excellent"
310,71,35908.29,"High School","Los Angeles","Sales",99,11,3,4940.11,"Fair"
311,37,53628.54,"PhD","Chicago","Finance",72.4,14,7,6252.45,"Good"
312,72,70226.12,"High School","Chicago","Engineering",49.3,29,9,7287.36,"Good"
313,71,31401.92,"PhD","New York","Sales",79.3,1,10,3500.9,"Good"
314,80,119223.98,"PhD","New York","Marketing",52.3,15,4,4464.74,"Good"
315,75,3923.5,"High School","Houston","Finance",58.2,30,4,5922.1,"Good"
316,62,50281.32,"Master","Houston","Marketing",68.1,4,1,6279.13,"Excellent"
317,54,49808.75,"Bachelor","Phoenix","Finance",NA,18,1,4522.37,"Good"
318,60,41732.66,"PhD","Phoenix","Engineering",54.3,5,6,5531.9,"Good"
319,32,48620.19,"Master","New York","Engineering",90.7,21,9,5163.86,"Good"
320,38,69847.9,"Master","New York","Marketing",79.6,11,10,4064.62,"Fair"
321,51,37514.15,"High School","Phoenix","Marketing",61.2,10,1,579.96,"Good"
322,42,13343.72,"Bachelor","New York","Marketing",62.3,3,7,6271.93,"Poor"
323,55,56875.36,"PhD","Phoenix","Finance",56.6,20,5,6378.7,"Excellent"
324,18,54963.6,"High School","New York","Finance",80.3,28,4,6686.28,"Good"
325,31,54737.99,"Bachelor","Phoenix","Finance",88.2,7,10,4558.14,"Excellent"
326,65,68359.36,"Bachelor","Los Angeles","Sales",NA,30,8,8464.24,"Fair"
327,66,54736.65,"High School","New York","Marketing",90.3,23,1,6690.39,"Good"
328,28,70520.94,"High School","Chicago","Engineering",70.2,15,2,7487.52,"Fair"
329,45,14785.29,"PhD","Houston","HR",78.9,23,4,5111.72,"Excellent"
330,35,32436.39,"High School","Houston","Engineering",91.7,2,7,-880.28,"Good"
331,72,61975.99,"Bachelor","Phoenix","Sales",63.4,5,4,7005.06,"Good"
332,51,47942.03,"Master","Houston","Engineering",76.7,22,8,3628.85,"Good"
333,75,73895.49,"Bachelor","Phoenix","Marketing",83,9,4,3016.7,"Fair"
334,59,34905.6,"Master","Houston","Engineering",68.7,9,7,4157.6,"Excellent"
335,53,69478.05,"High School","Houston","Finance",77.2,18,10,8604.87,"Excellent"
336,37,41623.35,"Master","Chicago","Engineering",81,17,7,550.8,"Good"
337,32,32739.2,"High School","New York","Sales",92.8,23,2,3769.23,"Fair"
338,78,48143.9,"PhD","Houston","HR",88.8,21,5,7493.92,"Poor"
339,24,55995.59,"Bachelor","Chicago","Engineering",69.1,5,4,4104.81,"Excellent"
340,66,30446.36,"Bachelor","Chicago","Engineering",84.1,13,4,7435.46,"Excellent"
341,44,39719.88,"High School","New York","Engineering",NA,24,4,7471.86,"Excellent"
342,47,30076.36,"High School","Chicago","Marketing",65.6,18,2,8922.94,"Fair"
343,22,75335.48,"PhD","New York","HR",96.3,21,3,6737.54,"Excellent"
344,39,69472.25,"High School","New York","Marketing",54.4,9,1,NA,"Good"
345,37,34349.46,"Bachelor","Phoenix","Engineering",61.5,25,8,1004.44,"Excellent"
346,67,66146.92,"Bachelor","Houston","Marketing",77.1,7,6,513.52,"Poor"
347,75,49888.37,"PhD","Phoenix","HR",49.4,7,7,2613.63,"Excellent"
348,58,32732.16,"PhD","Chicago","Sales",79.8,28,1,686.43,"Good"
349,28,63423.95,"Master","Los Angeles","Marketing",43,22,5,4264.83,"Good"
350,45,48540.99,"Bachelor","Houston","Marketing",63.9,9,2,2443.96,"Good"
351,55,72603.6,"Bachelor","Los Angeles","Sales",60.7,23,5,1035.45,"Good"
352,59,51102.73,"High School","Los Angeles","Engineering",89,11,3,2524.67,"Fair"
353,26,78761.1,"Bachelor","Houston","Sales",58.5,23,5,3918.22,"Excellent"
354,80,44804.71,"High School","Chicago","Finance",94.5,21,3,4561.48,"Good"
355,40,59390.96,"High School","Chicago","Finance",62.8,0,10,2401.8,"Good"
356,43,62405.89,"High School","Houston","Engineering",69.9,27,9,7899.43,"Fair"
357,68,60582.17,"High School","Chicago","Marketing",62.6,21,10,4606.49,"Excellent"
358,58,59038.85,"High School","Los Angeles","HR",NA,14,7,6782.53,"Good"
359,28,54740.07,"Master","Houston","Engineering",55.1,19,1,6382.11,"Good"
360,36,53182.7,"High School","Los Angeles","Finance",86.1,14,9,6774.67,"Fair"
361,45,82300.63,"High School","Chicago","Finance",89.7,26,9,4785.09,"Excellent"
362,38,73162.61,"High School","Los Angeles","Sales",69.3,27,9,5020.94,"Excellent"
363,53,42802.24,"High School","New York","HR",55.5,5,8,2606.22,"Good"
364,59,82928.74,"Bachelor","Phoenix","Marketing",85.9,0,6,6464.3,"Good"
365,39,57895.97,"PhD","Chicago","Marketing",60.4,4,7,2694.36,"Good"
366,42,42187.86,"Bachelor","Los Angeles","HR",61.7,23,6,6072.11,"Good"
367,71,58396.05,"Master","Los Angeles","HR",64.7,11,7,4391.18,"Fair"
368,76,NA,"Master","Phoenix","Engineering",61,4,7,1619.96,"Good"
369,66,57018.79,"Master","Houston","Marketing",99.9,3,1,3907.05,"Poor"
370,47,35532.12,"PhD","Houston","Marketing",84.2,4,1,5909.53,"Good"
371,76,38603.49,"High School","Chicago","Engineering",80.1,20,1,3700.93,"Good"
372,38,82258.38,"Bachelor","New York","Engineering",66.4,9,8,6493.8,"Good"
373,61,74227.42,"High School","Phoenix","Engineering",90.8,12,2,3019.74,"Excellent"
374,38,37325.51,"High School","Los Angeles","Engineering",59.8,14,3,4846.71,"Good"
375,23,36998.16,"Master","Phoenix","HR",71.8,28,3,1675.87,"Poor"
376,64,89466.66,"Master","Houston","Engineering",91.5,25,5,3700.26,"Good"
377,58,93180.84,"Master","New York","HR",61,7,8,3275.6,"Good"
378,27,39457.18,"High School","Los Angeles","Sales",75.6,4,9,3850.08,"Poor"
379,41,28953.89,"High School","Houston","Engineering",63.5,14,5,4488.98,"Good"
380,67,107469.9,"PhD","New York","Finance",69.2,15,5,5608.8,"Fair"
381,72,59592.58,"High School","Los Angeles","Finance",74.2,4,10,3766.91,"Good"
382,24,58735,"Bachelor","New York","Finance",72.2,17,3,6389.37,"Good"
383,31,56522.73,"PhD","Houston","Finance",89.5,15,6,3189.61,"Excellent"
384,29,83097.2,"Bachelor","Chicago","Finance",84.4,12,1,5915.5,"Good"
385,70,51165.56,"PhD","New York","Engineering",87.3,13,3,3959.31,"Good"
386,68,84187.84,"High School","New York","Sales",87.7,18,7,8790.69,"Good"
387,27,50586.89,"Bachelor","Los Angeles","Engineering",95,30,9,4848.69,"Good"
388,74,65102.92,"Bachelor","Chicago","Engineering",78.4,2,2,6432.04,"Good"
389,42,34330.06,"PhD","New York","Marketing",84.8,30,7,6679.64,"Excellent"
390,54,58409.47,"PhD","Chicago","Marketing",69.9,14,2,4000.48,"Good"
391,19,79013.36,"High School","Houston","Finance",73.3,24,10,6149.01,"Good"
392,52,51731.88,"Bachelor","Houston","Engineering",83,10,2,3242.87,"Good"
393,51,80649.52,"Bachelor","Phoenix","Marketing",69.9,25,2,7270.44,"Excellent"
394,44,109543.93,"High School","Chicago","Engineering",69.4,12,10,6732.08,"Excellent"
395,63,73838.48,"PhD","Houston","Finance",79.1,4,1,4903.43,"Good"
396,48,50027.72,"Master","Los Angeles","Engineering",98,12,7,4361.41,"Fair"
397,44,56929.58,"High School","Houston","Marketing",54.1,21,4,2061.84,"Fair"
398,33,46321.38,"Bachelor","Los Angeles","Sales",67.9,15,4,5615.38,"Good"
399,53,98573.36,"Master","Phoenix","Marketing",NA,27,2,6603.76,"Fair"
400,73,-4175.59,"Master","Houston","Finance",79.8,24,10,2906.11,"Excellent"
401,70,56617.76,"PhD","Los Angeles","Marketing",53.8,6,3,6320.43,"Excellent"
402,41,57202.76,"Bachelor","New York","Finance",63.9,25,6,6476.81,"Good"
403,55,59268.97,"Master","New York","Engineering",58.2,7,9,8635.23,"Poor"
404,69,23843.61,"Bachelor","Los Angeles","Marketing",74.3,2,3,3344.42,"Excellent"
405,38,59324.23,"Bachelor","Chicago","Finance",94.7,5,1,5771.5,"Excellent"
406,37,58753.28,"PhD","New York","Sales",75,21,9,684.77,"Good"
407,28,80172.44,"High School","New York","HR",71.8,15,4,5239.27,"Good"
408,75,65470.36,"Master","Chicago","Engineering",108.8,1,10,6397.63,"Fair"
409,50,77309.09,"Bachelor","Phoenix","HR",65.9,6,4,7556.48,"Fair"
410,76,35849.96,"Bachelor","Los Angeles","Engineering",76.7,26,5,2753.61,"Good"
411,31,52511.89,"Bachelor","Houston","Engineering",70,8,1,6086.79,"Poor"
412,45,58834.76,"Bachelor","New York","Sales",61.4,9,6,4923.29,"Good"
413,50,60444.35,"High School","Chicago","Finance",84.1,21,4,5800.9,"Good"
414,46,41123.71,"Bachelor","Los Angeles","Finance",67.2,30,2,7173.76,"Good"
415,53,84583.44,"Bachelor","Phoenix","Marketing",87.8,5,7,5114.91,"Good"
416,62,42764.66,"PhD","Phoenix","Sales",68.9,7,5,8371.63,"Fair"
417,49,22713.8,"Master","Los Angeles","HR",72.9,12,5,3387.27,"Fair"
418,55,63049.8,"PhD","Los Angeles","Marketing",62.8,19,9,7668.45,"Excellent"
419,39,68291.11,"Master","Houston","Sales",70.1,4,1,7257.04,"Poor"
420,61,73882.54,"Bachelor","Los Angeles","Finance",80.7,20,1,1751.68,"Good"
421,78,36074.78,"High School","Houston","Finance",45.1,30,7,4332.11,"Good"
422,24,50034.23,"Bachelor","Los Angeles","Sales",60,20,6,2576.97,"Fair"
423,61,28431.27,"Bachelor","New York","HR",79.3,28,5,7040.05,"Good"
424,22,71895.27,"PhD","Los Angeles","Sales",58.5,11,8,8511.62,"Fair"
425,48,61953.93,"Bachelor","Chicago","Marketing",89.8,6,9,-1074.71,"Good"
426,49,73275.25,"Master","Phoenix","Finance",59.8,19,8,9369.96,"Good"
427,35,67165.49,"High School","Los Angeles","Sales",62,19,10,5283.53,"Good"
428,56,42849.04,"Bachelor","Houston","Finance",71.6,21,3,5274.71,"Good"
429,30,58593.16,"Bachelor","New York","Finance",70.9,7,6,2209.41,"Excellent"
430,75,16831.81,"High School","Houston","Finance",71.2,14,5,5258.61,"Fair"
431,47,65058.93,"Master","Houston","Sales",81.2,26,10,3796.8,"Good"
432,71,74377.98,"PhD","Houston","Sales",83.6,20,7,7012.13,"Poor"
433,19,37485.26,"Master","Houston","Finance",47.7,11,7,2279.68,"Poor"
434,45,12279.51,"Master","Phoenix","Finance",89.3,7,2,2902.08,"Good"
435,20,24543.45,"High School","Phoenix","Marketing",95.2,9,5,5996.99,"Good"
436,50,32737.64,"Bachelor","Chicago","Finance",63.7,24,2,4819.67,"Excellent"
437,64,79819.68,"Bachelor","Phoenix","Finance",46.7,15,8,4397.19,"Good"
438,46,55069.64,"High School","Houston","HR",50.4,7,10,2885.77,"Good"
439,37,30244.11,"Bachelor","New York","Sales",46.3,21,4,5869.76,"Good"
440,60,66113.98,"Master","Chicago","Sales",79.6,29,9,3870.01,"Good"
441,26,11337.01,"Bachelor","Los Angeles","Marketing",84.5,6,7,4538.91,"Excellent"
442,71,50059.51,"Master","New York","HR",97.1,18,8,5531.96,"Excellent"
443,27,77257.14,"High School","Los Angeles","Engineering",79.9,4,8,8397.99,"Good"
444,24,48166.54,"Master","Houston","Engineering",88.9,7,3,4982.57,"Good"
445,68,81108.77,"PhD","Houston","HR",66.6,12,8,2781.25,"Good"
446,45,90906.48,"Bachelor","Los Angeles","Marketing",60.1,14,3,4183.68,"Good"
447,35,31643.3,"Bachelor","Chicago","HR",79,5,10,2964.41,"Excellent"
448,42,31954.25,"Master","Los Angeles","Engineering",80.1,16,10,6056.6,"Good"
449,61,36710.89,"Bachelor","Houston","Engineering",43.9,1,9,3421.37,"Good"
450,27,65574.56,"PhD","Chicago","Sales",89.1,0,6,4211.8,"Excellent"
451,26,71701.58,"High School","Los Angeles","Finance",65.8,29,5,5054.98,"Excellent"
452,36,79182.74,"Bachelor","Phoenix","Sales",73.3,16,7,3719.61,"Good"
453,32,80989.45,"Bachelor","Chicago","Marketing",59.8,5,3,4756.72,"Fair"
454,63,76514.65,"Bachelor","Houston","Engineering",84.5,1,3,3509.97,"Excellent"
455,72,73796.02,"Bachelor","Houston","HR",69.4,29,7,5432.44,"Fair"
456,20,58267.49,"PhD","Chicago","Sales",53.7,4,1,8481.14,"Fair"
457,39,37237.23,"Bachelor","Houston","Sales",79.3,27,10,4320.68,"Fair"
458,78,40476.78,"PhD","Los Angeles","Marketing",50.3,13,1,6156.18,"Poor"
459,37,63151.94,"Bachelor","Houston","HR",72.1,16,3,2518.18,"Excellent"
460,59,88670.73,"PhD","Phoenix","Sales",75.3,20,6,4663,"Good"
461,51,89119.6,"Bachelor","New York","Marketing",115.5,9,8,4117.01,"Poor"
462,40,16476.67,"Master","New York","HR",82.7,27,3,6087.56,"Fair"
463,34,38320.04,"Master","Los Angeles","HR",55.9,1,7,5172.97,"Fair"
464,35,83382.65,"High School","Chicago","Marketing",80.6,26,5,5058.17,"Fair"
465,36,33717.81,"Master","Phoenix","Sales",73.5,7,6,8522.04,"Good"
466,63,22728.45,"High School","Phoenix","Sales",78.3,9,9,4493.57,"Excellent"
467,34,66996.22,"Bachelor","Houston","Engineering",50.8,2,9,5283.75,"Fair"
468,47,89659.29,"Master","Phoenix","Sales",100.2,18,10,5113.61,"Fair"
469,27,93690.09,"Bachelor","Houston","Engineering",83.4,6,10,4328.85,"Fair"
470,54,65656.41,"Bachelor","Phoenix","HR",69.4,9,6,6787.88,"Good"
471,62,69393.32,"Master","Phoenix","HR",44.6,14,4,6572.08,"Good"
472,67,66201.87,"PhD","Los Angeles","Sales",81,8,3,8934.2,"Good"
473,68,54638.26,"Bachelor","Houston","Marketing",54,18,3,5224.77,"Poor"
474,68,-12434.78,"High School","Los Angeles","Sales",57.3,15,9,5598.64,"Fair"
475,27,70214.06,"Bachelor","Phoenix","Marketing",83.1,8,4,5742.22,"Fair"
476,65,47175.46,"PhD","Chicago","Engineering",86,5,4,8697.59,"Excellent"
477,51,75198.02,"High School","Phoenix","HR",69.3,23,1,3999.33,"Fair"
478,75,42460.54,"Bachelor","Los Angeles","HR",50.4,2,6,5121.34,"Good"
479,21,22308.45,"Bachelor","Chicago","HR",39.7,15,1,4875.84,"Poor"
480,42,79904.85,"PhD","Chicago","Finance",54,30,5,3212.07,"Good"
481,43,58627.55,"Bachelor","Houston","Sales",64.5,9,7,5256.09,"Good"
482,78,124906.09,"High School","Phoenix","Sales",60.4,11,10,2669.98,"Good"
483,56,73311.84,"Bachelor","Houston","Marketing",79.8,2,8,3184.33,"Fair"
484,50,75970.13,"Bachelor","Phoenix","Marketing",62.7,24,1,5172.2,"Good"
485,63,70276.5,"High School","Houston","Marketing",82.1,0,1,7938.41,"Excellent"
486,69,42932.25,"Master","Los Angeles","Finance",92.9,3,8,6307.57,"Excellent"
487,39,47591.41,"Bachelor","Houston","Engineering",68.3,3,9,8447.83,"Fair"
488,68,76196.52,"Bachelor","Houston","Finance",54.7,4,5,3285.68,"Good"
489,61,76102.21,"Bachelor","Houston","Engineering",57.2,25,6,7493.97,"Good"
490,36,66659.44,"High School","Phoenix","Finance",86.4,8,7,8335.89,"Good"
491,23,35268.65,"Bachelor","Phoenix","HR",51.6,26,7,3016.05,"Good"
492,61,88692.44,"PhD","Houston","Sales",99,22,1,1050.27,"Good"
493,42,27663.18,"High School","New York","HR",79.2,9,7,4459.92,"Good"
494,47,46335.71,"Bachelor","New York","Marketing",89.4,30,9,6220.34,"Fair"
495,59,101501.17,"Master","Los Angeles","Finance",63.9,10,9,5688.64,"Excellent"
496,56,65482.44,"Bachelor","Houston","Sales",65.4,8,8,6407.36,"Excellent"
497,68,74414.67,"Bachelor","New York","Sales",81.7,25,10,2235.75,"Good"
498,42,62539.47,"High School","Houston","Finance",72.2,21,7,3708.18,"Good"
499,19,35081.33,"High School","Los Angeles","Sales",83.8,10,2,7509.29,"Fair"
500,55,43050.34,"PhD","Houston","HR",72.2,26,1,5187.11,"Fair"
501,26,58305.03,"Bachelor","Houston","Marketing",72.3,11,9,4864.39,"Good"
502,73,-3569.54,"Master","Phoenix","Sales",101.4,6,3,5569.13,"Fair"
503,28,NA,"Bachelor","Houston","Finance",82.4,27,3,7070.03,"Good"
504,23,70971.69,"Bachelor","Houston","Engineering",40.1,11,10,727.25,"Excellent"
505,48,49030.88,"Master","Houston","Sales",85.8,22,10,1806.63,"Good"
506,22,49327.77,"High School","Los Angeles","Sales",64.8,23,3,6532.55,"Good"
507,31,72390.39,"Bachelor","New York","HR",75.6,18,9,8608.6,"Excellent"
508,59,44112.89,"High School","Houston","Finance",95.3,0,6,4775.63,"Good"
509,64,67576.06,"PhD","New York","HR",100.4,26,9,3973.04,"Fair"
510,18,26553.31,"High School","Houston","Engineering",45.3,1,2,4932.45,"Fair"
511,58,30449.75,"Bachelor","Houston","Marketing",52.1,1,7,3548.75,"Good"
512,27,21517.89,"High School","Phoenix","HR",81.6,20,2,3323.88,"Excellent"
513,66,56687.97,"Master","Chicago","Engineering",65.4,9,10,2511.55,"Excellent"
514,29,50877.49,"Bachelor","Houston","HR",67.9,9,10,5920.04,"Good"
515,39,83837.43,"Master","New York","Finance",93.4,22,3,5242.63,"Fair"
516,18,54164.36,"High School","New York","Marketing",68.1,4,1,2977.87,"Good"
517,60,82075.09,"PhD","Houston","Engineering",57.5,3,8,4649.97,"Fair"
518,74,93904.51,"Bachelor","Los Angeles","Marketing",70.5,5,10,NA,"Good"
519,21,45181.24,"Bachelor","Houston","Finance",86.5,10,2,3356.71,"Fair"
520,20,62768.78,"Master","New York","Engineering",78.6,28,1,2764.2,"Poor"
521,76,38102.13,"High School","Phoenix","Marketing",86.3,22,8,5269.41,"Good"
522,70,NA,"Bachelor","Phoenix","HR",48.5,18,3,6017.16,"Excellent"
523,55,33404.79,"Master","Los Angeles","Finance",76.7,18,4,3122.85,"Good"
524,78,34470.52,"Master","Los Angeles","Finance",85.4,6,8,1221.87,"Good"
525,76,60775.87,"Bachelor","Phoenix","Marketing",95.7,25,6,5964.33,"Good"
526,22,56816.23,"PhD","Chicago","Finance",34,26,1,3943.65,"Poor"
527,59,60252.46,"Master","Phoenix","Marketing",63.3,20,9,8397.11,"Good"
528,79,56386.7,"Master","Los Angeles","HR",87.1,21,7,5220.99,"Good"
529,37,44427.12,"Bachelor","Los Angeles","Marketing",82.9,26,7,7120.87,"Fair"
530,51,52395.96,"PhD","Chicago","Sales",80.3,1,7,5804.1,"Good"
531,40,87403.17,"Bachelor","Chicago","Sales",50.9,28,5,4836.24,"Fair"
532,53,54642.1,"Bachelor","Phoenix","Marketing",70.2,9,5,7284.53,"Fair"
533,74,28630.21,"Bachelor","Phoenix","HR",42.6,18,4,6300.05,"Fair"
534,74,38108.8,"Bachelor","Chicago","HR",75.3,0,3,4901.71,"Good"
535,37,32963.7,"High School","Houston","Finance",60.1,3,8,7352.69,"Good"
536,26,36998.2,"Bachelor","New York","Finance",53.4,15,9,7955.25,"Good"
537,44,29778.32,"Bachelor","Houston","Finance",NA,26,1,5606.71,"Good"
538,63,2483.02,"High School","Los Angeles","Finance",102.4,23,3,6893.33,"Fair"
539,63,68381.31,"PhD","Los Angeles","Finance",51.2,17,10,3262.97,"Fair"
540,20,68200.83,"Bachelor","Phoenix","Marketing",61.9,5,8,6590.92,"Good"
541,48,49987.99,"Bachelor","Houston","Sales",72.1,12,9,5495.32,"Good"
542,80,40524.05,"High School","Los Angeles","HR",64.4,19,7,7709.59,"Fair"
543,35,38756.37,"Bachelor","Chicago","HR",59.3,17,4,5202.59,"Excellent"
544,27,62974.69,"High School","Phoenix","Sales",84.2,16,5,5021.28,"Good"
545,50,59531.27,"Master","New York","Sales",59.9,2,9,2409.86,"Good"
546,57,63432.87,"Bachelor","Los Angeles","Sales",72.6,6,7,6614.21,"Good"
547,80,55096.76,"Bachelor","Phoenix","Engineering",89.7,17,3,6047.39,"Excellent"
548,37,67379.68,"High School","New York","Marketing",80.4,25,8,5169.83,"Excellent"
549,70,63622.68,"High School","Houston","Finance",50.9,11,6,5455.3,"Good"
550,54,66166.25,"PhD","Los Angeles","HR",94.7,18,3,4630.36,"Excellent"
551,23,64919.23,"PhD","Houston","Marketing",83.1,1,6,5005.58,"Fair"
552,46,88237.71,"Bachelor","Los Angeles","Finance",78.3,7,9,6780.32,"Excellent"
553,63,33899.31,"PhD","Houston","Finance",73.1,27,7,6877.58,"Poor"
554,21,85166.49,"Bachelor","Phoenix","Marketing",62,19,9,3319.11,"Fair"
555,44,48315.83,"High School","Los Angeles","Engineering",62.6,3,7,2701.64,"Fair"
556,26,53700.39,"Master","Houston","Engineering",60.7,11,7,6083.68,"Fair"
557,57,56621.63,"Bachelor","Chicago","Engineering",54.1,1,7,2681.15,"Fair"
558,40,46035.7,"High School","New York","Finance",83,28,9,4901.58,"Fair"
559,65,3923.86,"Bachelor","Houston","Finance",54.6,10,2,5710.2,"Poor"
560,43,48741.35,"PhD","Phoenix","Sales",81.3,3,5,5987.98,"Good"
561,29,55827.66,"Bachelor","Chicago","HR",62.2,7,8,5672.62,"Good"
562,27,20245.44,"Bachelor","Houston","Marketing",88,5,4,5158.2,"Excellent"
563,63,65998.79,"Bachelor","Los Angeles","Marketing",90.5,15,8,6033.63,"Good"
564,72,43054.53,"Bachelor","New York","HR",75.3,9,3,7310.17,"Excellent"
565,60,83954.84,"Bachelor","New York","Sales",80.9,23,3,5228.57,"Good"
566,40,60297.36,"Master","Los Angeles","Marketing",79.1,30,9,5879.61,"Good"
567,71,39224.34,"Master","Los Angeles","HR",53.9,23,1,5449.72,"Good"
568,74,58354.64,"PhD","Phoenix","Sales",87.1,8,1,7599.16,"Good"
569,44,60151.66,"PhD","Houston","Finance",86.6,30,8,7816.95,"Excellent"
570,51,73240.95,"Bachelor","Chicago","Sales",61.4,21,9,3602.51,"Good"
571,33,NA,"Bachelor","Los Angeles","Marketing",60.1,14,9,8963.27,"Good"
572,63,14332.49,"Master","Los Angeles","Marketing",80.4,15,1,7030.52,"Poor"
573,42,29006.68,"Bachelor","Chicago","Marketing",58.7,24,7,4590.27,"Excellent"
574,45,37854.99,"Master","Los Angeles","Marketing",77.6,15,2,2813.36,"Excellent"
575,32,63525.31,"Bachelor","Phoenix","Engineering",84.5,26,6,5532.23,"Good"
576,66,49303.27,"High School","Los Angeles","Finance",71,27,1,8941.09,"Fair"
577,55,42712.63,"Master","Chicago","Sales",NA,11,6,5599.77,"Good"
578,40,38102.18,"High School","Houston","Sales",64.7,6,3,3786.89,"Fair"
579,78,58073.9,"High School","Phoenix","Engineering",70.3,27,6,5834.51,"Fair"
580,36,37971.35,"Bachelor","Chicago","HR",66.4,27,3,NA,"Excellent"
581,27,47041.58,"Bachelor","Houston","Engineering",113,16,6,4083.17,"Good"
582,30,36200.46,"Bachelor","Phoenix","HR",84,2,7,4414.33,"Good"
583,79,27234.93,"High School","New York","Marketing",91.9,17,1,7667.04,"Fair"
584,55,74103.69,"Bachelor","Los Angeles","Marketing",67.9,13,3,3346.25,"Excellent"
585,18,28650.09,"High School","Chicago","Marketing",71.9,9,9,3588.24,"Poor"
586,28,56460.58,"PhD","Phoenix","Finance",116.2,9,4,9117.33,"Good"
587,62,43636.28,"Bachelor","New York","Sales",62.5,28,2,5470.37,"Good"
588,43,33830.99,"PhD","Los Angeles","Engineering",65.4,20,4,5447.72,"Excellent"
589,75,60186.27,"Bachelor","Chicago","Engineering",72.9,2,10,3798.32,"Good"
590,27,62462.69,"High School","Los Angeles","Sales",91.6,26,10,4034.04,"Good"
591,76,80293.34,"Bachelor","Los Angeles","Sales",30,17,3,2942.48,"Good"
592,62,61504.5,"Master","Houston","Engineering",105.8,9,8,6709,"Poor"
593,32,52230.65,"Bachelor","New York","Marketing",58.6,3,8,7279.77,"Good"
594,34,107049.38,"Bachelor","Los Angeles","Finance",56.6,5,6,5323.18,"Fair"
595,64,41994.31,"Bachelor","Chicago","Sales",69.9,7,10,7302.75,"Good"
596,25,34936.34,"Master","Chicago","Marketing",84.9,27,1,5699.79,"Excellent"
597,53,44297.72,"Bachelor","Phoenix","HR",62.2,19,8,4471.63,"Excellent"
598,23,52791.71,"High School","Chicago","Finance",46.9,6,2,2497.61,"Excellent"
599,27,67008.6,"High School","Houston","Finance",67.7,26,1,7493.94,"Excellent"
600,77,63316.9,"High School","Phoenix","Finance",79.9,26,5,3012.48,"Good"
601,44,52884.99,"Master","Houston","Engineering",88,16,10,6336.71,"Good"
602,37,37868.75,"High School","New York","Sales",92.1,26,7,4746.92,"Good"
603,73,77546.55,"Master","Phoenix","Sales",68.5,24,2,4448.88,"Good"
604,42,73325.63,"Bachelor","Houston","Sales",96.9,4,7,3260.82,"Fair"
605,80,40512.41,"PhD","Chicago","Finance",93,30,7,2928.12,"Good"
606,41,68735.58,"Master","Houston","Finance",68.1,20,3,4376.75,"Good"
607,33,64001.72,"High School","Houston","Marketing",88.7,28,2,4067.62,"Excellent"
608,61,75904.43,"Master","Phoenix","Sales",90.8,11,5,6012.48,"Good"
609,33,57992.58,"Bachelor","New York","HR",54.3,11,3,6665.88,"Excellent"
610,68,32178.66,"Bachelor","Phoenix","Finance",97.8,25,8,4844.98,"Good"
611,20,71049.99,"High School","Los Angeles","Sales",73.8,15,5,9224.99,"Fair"
612,73,40425.67,"Bachelor","Phoenix","HR",82.5,16,1,3715.39,"Good"
613,49,65544.19,"Master","Los Angeles","Finance",73.7,14,10,3229.88,"Good"
614,38,88469.58,"High School","Chicago","Engineering",64.6,22,1,5405.75,"Good"
615,56,26623.44,"PhD","New York","HR",97.9,1,2,7009.54,"Good"
616,20,86238.22,"Bachelor","Phoenix","Engineering",94.7,2,7,3278.2,"Good"
617,27,82063.22,"Master","Chicago","HR",59,8,3,6194.75,"Good"
618,38,44426.06,"High School","Phoenix","HR",74.8,16,7,5812.41,"Poor"
619,59,49974.54,"PhD","Phoenix","Marketing",83.1,1,8,3539.7,"Good"
620,24,41283.05,"Bachelor","Chicago","Engineering",48.2,23,4,6924.04,"Good"
621,36,43592.65,"High School","Houston","Finance",68.2,19,2,3742.7,"Fair"
622,46,66592.63,"Bachelor","Chicago","Finance",82.2,2,1,4705.54,"Excellent"
623,62,37020.82,"Bachelor","Los Angeles","Engineering",69.8,28,9,5635.89,"Good"
624,59,51193.4,"Bachelor","Los Angeles","Finance",44.3,5,9,8873.11,"Fair"
625,72,52121.93,"Bachelor","Houston","Finance",52.7,24,3,2163.5,"Good"
626,63,53068.55,"Bachelor","New York","HR",61.2,9,3,2728.28,"Good"
627,41,58628.93,"PhD","Chicago","Sales",77.6,23,10,1874.51,"Good"
628,46,86931.48,"Bachelor","Houston","Sales",47.7,8,9,3040.99,"Good"
629,73,45973.37,"Master","Los Angeles","HR",82.5,12,10,4767.78,"Fair"
630,47,39102.4,"Bachelor","New York","Sales",91,5,8,3272.93,"Good"
631,60,70845.69,"Bachelor","New York","Sales",66.5,2,10,3484.55,"Fair"
632,62,62609.45,"Master","Houston","Engineering",89.2,26,1,7828.46,"Good"
633,52,59715.76,"Bachelor","Houston","Marketing",89.6,16,6,4386.18,"Good"
634,59,66819.77,"Bachelor","New York","Engineering",74.7,30,3,5312.97,"Excellent"
635,68,26761.4,"Bachelor","New York","Marketing",69.6,22,4,5772.91,"Good"
636,51,76265.92,"PhD","Los Angeles","Marketing",72.1,16,8,1787.81,"Excellent"
637,56,64078.36,"High School","New York","Engineering",46.8,30,3,-652.21,"Excellent"
638,69,74026.26,"Master","Los Angeles","Marketing",83.4,27,3,6486,"Good"
639,38,43029.65,"High School","Chicago","Sales",80,14,5,1581.26,"Excellent"
640,70,18161.2,"Bachelor","Chicago","Sales",72.7,12,9,6194.57,"Good"
641,60,45308.21,"Bachelor","New York","Engineering",34.2,24,10,5440.74,"Good"
642,75,36863.06,"PhD","Los Angeles","Sales",79.4,18,6,5116.13,"Fair"
643,60,99455.25,"Master","Houston","Marketing",83.5,2,3,4726.12,"Good"
644,79,46730.67,"Bachelor","Houston","Finance",61.9,28,10,7789.79,"Poor"
645,43,50686.52,"High School","Los Angeles","Marketing",90.1,21,8,4459.57,"Good"
646,50,76259.57,"Master","New York","Sales",83.7,6,4,5827.97,"Excellent"
647,70,67406.93,"Master","Chicago","HR",57.2,23,5,4814.16,"Poor"
648,79,68461.33,"Bachelor","New York","HR",60.6,1,5,6176.35,"Good"
649,23,107674.19,"Bachelor","Houston","Finance",71.7,3,9,4296.13,"Fair"
650,75,58322.29,"Master","Phoenix","Finance",60.1,16,9,3647.5,"Fair"
651,40,93103.51,"High School","Houston","HR",59.3,14,6,8165.66,"Good"
652,59,60074.37,"High School","New York","HR",95.4,28,4,6336.34,"Poor"
653,58,25819.56,"Master","Houston","HR",57.7,3,9,2295.09,"Good"
654,77,10455.04,"Bachelor","Phoenix","Marketing",78.9,1,5,2908.67,"Good"
655,61,67993.67,"Master","Los Angeles","Engineering",51.6,9,8,5139.37,"Fair"
656,77,35015,"Bachelor","Phoenix","Finance",74.9,15,3,3381.65,"Excellent"
657,62,55839.45,"Master","Houston","Marketing",83.5,15,10,4438.83,"Fair"
658,35,90540.87,"High School","Houston","Finance",91.7,13,1,7367.91,"Good"
659,64,61943.65,"Bachelor","Phoenix","Marketing",58.2,23,1,4131.35,"Good"
660,38,49258.05,"High School","Houston","Sales",63.8,1,6,4480.11,"Fair"
661,50,16508.47,"High School","Los Angeles","Engineering",88.4,18,10,5369.12,"Excellent"
662,28,38987.02,"Master","Phoenix","Sales",83.9,6,1,2193.99,"Good"
663,57,43487.64,"High School","Chicago","Finance",70.7,20,3,3720.37,"Fair"
664,62,68684.11,"Master","Phoenix","Engineering",75.7,17,9,5847.01,"Good"
665,31,64669.15,"Bachelor","Chicago","Sales",67.7,2,9,4088.17,"Excellent"
666,19,55279.27,"PhD","New York","Marketing",85.7,3,10,4028.9,"Good"
667,55,58604.87,"Bachelor","Houston","Finance",80.2,5,8,3462.7,"Good"
668,62,49237.54,"PhD","Phoenix","Marketing",73.6,0,1,2949.87,"Good"
669,79,55604.54,"PhD","Chicago","Marketing",62.3,17,9,5313.01,"Good"
670,52,60433.48,"Bachelor","Chicago","Sales",79.2,25,4,5366.02,"Excellent"
671,45,63983.17,"High School","Houston","Engineering",70.7,25,5,5746.86,"Fair"
672,62,91552.55,"PhD","Los Angeles","Marketing",47.2,24,2,6767.83,"Good"
673,33,32759.53,"High School","Chicago","HR",60.7,16,1,4101.31,"Good"
674,68,84496.15,"High School","Los Angeles","Finance",49.7,10,8,1094.44,"Fair"
675,33,68430.25,"Master","Los Angeles","Marketing",89,26,1,6119.93,"Excellent"
676,62,24093.43,"High School","Chicago","HR",97.7,19,10,5301.49,"Fair"
677,62,49459.06,"Bachelor","New York","Sales",110.3,12,8,4452.64,"Good"
678,25,42413.14,"High School","Houston","Marketing",107,18,3,7010.93,"Excellent"
679,74,36339.99,"High School","Phoenix","Finance",63.7,28,2,2236.48,"Fair"
680,78,24242.27,"High School","New York","Engineering",56.2,8,5,5487.79,"Good"
681,72,45117.96,"PhD","New York","Engineering",65.6,5,4,5881.66,"Fair"
682,62,46292.8,"Bachelor","New York","Finance",94.1,9,8,7793.46,"Good"
683,55,48529.11,"Bachelor","Chicago","Finance",60.1,13,7,9910.32,"Good"
684,55,13777.73,"Bachelor","Phoenix","Engineering",64.4,3,5,7665.74,"Excellent"
685,25,63830.05,"Bachelor","Phoenix","Engineering",63.8,9,8,5067.38,"Fair"
686,75,69927.02,"PhD","Los Angeles","Marketing",70.8,18,10,6161.61,"Fair"
687,48,70792.86,"Bachelor","Los Angeles","Sales",84.9,22,1,8529.75,"Good"
688,54,70414.81,"PhD","New York","Engineering",52.3,15,7,3946.97,"Excellent"
689,40,59010.13,"Bachelor","Los Angeles","Engineering",74.7,25,6,4441.13,"Poor"
690,58,84367,"Master","Los Angeles","Sales",48.7,23,4,2435.26,"Good"
691,27,37470.89,"High School","New York","Sales",90.5,21,4,2556.31,"Excellent"
692,76,30467.91,"Master","Chicago","Finance",87.9,7,2,3403.05,"Good"
693,77,61756.76,"High School","Phoenix","Finance",79,10,2,2133.42,"Good"
694,75,63816.48,"High School","New York","Finance",71.5,27,2,5386.17,"Poor"
695,28,40069.67,"Master","Chicago","Engineering",90.4,15,1,7924.69,"Excellent"
696,44,55732.12,"Bachelor","New York","Marketing",84.3,15,6,2702.56,"Fair"
697,40,61466.19,"PhD","Phoenix","Marketing",57.4,26,5,718.28,"Fair"
698,50,62593.52,"High School","Houston","Sales",112.8,22,10,5762.35,"Good"
699,39,72531.13,"PhD","Chicago","HR",65.5,15,10,3136.77,"Good"
700,32,NA,"High School","New York","HR",59.6,29,1,2283.96,"Good"
701,21,6423.85,"Bachelor","Phoenix","Sales",81.5,16,10,4644.94,"Excellent"
702,77,89559.88,"High School","New York","Marketing",79,2,2,6756.12,"Good"
703,56,64120.05,"PhD","Los Angeles","Finance",77.3,27,9,2596.97,"Fair"
704,60,43592.79,"High School","Phoenix","Marketing",53.6,23,10,4148.5,"Good"
705,27,32707.51,"High School","Houston","Finance",76.4,22,8,5446.87,"Good"
706,25,73101.29,"PhD","Chicago","Finance",80.8,2,1,5593.4,"Good"
707,48,61561.92,"Bachelor","New York","Engineering",108.7,1,4,3512.5,"Good"
708,45,76561.8,"PhD","Houston","Marketing",63.3,28,3,4338.35,"Fair"
709,52,53793.69,"PhD","Los Angeles","Finance",86.1,2,5,6021.31,"Poor"
710,62,50129.62,"Master","Los Angeles","Finance",62.1,28,5,6624.25,"Excellent"
711,37,99828.45,"High School","Los Angeles","Finance",79.5,27,4,3557.01,"Good"
712,72,14280.14,"Bachelor","New York","Marketing",60.6,23,10,3246.07,"Fair"
713,73,62818.29,"PhD","Phoenix","HR",45,3,7,4337.05,"Excellent"
714,65,62696.27,"High School","Los Angeles","HR",40.4,19,6,3336.03,"Poor"
715,25,63773.91,"High School","Houston","Sales",88,1,8,9275,"Excellent"
716,49,66162.82,"PhD","Chicago","Sales",76.1,11,1,11117.44,"Good"
717,20,49471.87,"Bachelor","New York","Marketing",80.8,30,9,NA,"Good"
718,58,78325.76,"Master","Chicago","Engineering",44.1,27,1,2299.05,"Good"
719,65,5914.46,"Bachelor","New York","Marketing",72.8,21,1,6787.6,"Fair"
720,28,38888.67,"Bachelor","Phoenix","HR",76.5,21,2,4096.03,"Excellent"
721,30,52617.11,"Master","Houston","Sales",99.8,27,8,3239.55,"Fair"
722,56,58264.32,"Bachelor","Houston","HR",64.5,3,5,2890.76,"Good"
723,35,63129.59,"Bachelor","Phoenix","Finance",87,0,8,6539.34,"Fair"
724,56,67786.8,"Bachelor","Phoenix","Marketing",74.6,18,5,2342.32,"Good"
725,38,24829.65,"Master","Houston","HR",88.9,29,3,1494.21,"Good"
726,22,55153.41,"Master","Phoenix","Engineering",77.5,7,10,4090.52,"Excellent"
727,48,NA,"High School","Chicago","Engineering",77.3,22,10,5122.54,"Good"
728,73,81526.72,"Bachelor","Chicago","Engineering",72.5,8,5,6541.84,"Good"
729,37,52728.65,"High School","Phoenix","Marketing",76.3,14,4,8038.5,"Good"
730,35,86982.99,"Master","Houston","Marketing",76.3,4,8,5335.2,"Poor"
731,56,49369.44,"Master","New York","HR",72.4,3,6,2243.63,"Excellent"
732,66,54002.04,"PhD","Los Angeles","Marketing",72.8,16,9,5759.87,"Good"
733,75,58204.28,"Bachelor","Los Angeles","Sales",87.8,1,8,7112.51,"Fair"
734,20,44952.39,"Master","Los Angeles","Engineering",72.2,25,1,3428.76,"Fair"
735,65,69318.76,"Bachelor","Los Angeles","HR",62.5,28,9,3235.28,"Excellent"
736,25,28084.25,"Bachelor","Los Angeles","Engineering",73.6,0,1,4963.34,"Fair"
737,36,54887.13,"High School","Chicago","Engineering",56,26,3,8079.26,"Fair"
738,67,44189.15,"Bachelor","Chicago","Finance",100.8,30,1,5858.85,"Good"
739,27,44058.53,"Master","New York","HR",112.5,18,7,6397.71,"Good"
740,32,78028.91,"Bachelor","Phoenix","Sales",74.6,13,10,2263.58,"Poor"
741,78,76044.39,"Bachelor","Los Angeles","Sales",75.1,11,3,7347.15,"Good"
742,29,86960.53,"High School","Houston","Engineering",60.3,3,5,3186.21,"Fair"
743,52,49724.06,"High School","Houston","Sales",79.6,18,5,4649.12,"Good"
744,69,55648.02,"Bachelor","Los Angeles","Engineering",89.7,28,9,3687.13,"Good"
745,65,23968.33,"Master","New York","Marketing",86.7,21,1,4170.33,"Good"
746,49,47236.41,"Master","Houston","Engineering",74.9,4,6,3368.64,"Good"
747,78,90282.96,"Master","New York","HR",93.9,3,3,6740.42,"Good"
748,71,46669.45,"High School","Chicago","Engineering",101.5,29,9,4243.92,"Good"
749,59,31673.23,"Master","Houston","HR",70.3,30,9,2898.65,"Poor"
750,51,55837.89,"Bachelor","New York","Sales",81.4,17,9,10683.31,"Good"
751,57,79929.78,"High School","Chicago","Sales",92.3,2,6,5923.6,"Good"
752,18,23440.57,"Master","Phoenix","Marketing",70.7,21,7,5777.27,"Good"
753,30,49923.59,"Master","Chicago","Marketing",77,24,1,1907.69,"Good"
754,24,64356.61,"PhD","Phoenix","Sales",58.4,21,6,6358.94,"Fair"
755,28,94550.6,"High School","Phoenix","Sales",61.8,19,10,6709.65,"Fair"
756,28,42687.88,"Bachelor","Chicago","Finance",39.2,12,4,5049.64,"Excellent"
757,30,85388.43,"Bachelor","Phoenix","HR",64.6,28,6,1415.38,"Poor"
758,80,46342.1,"High School","Houston","Engineering",67.1,16,7,7241.32,"Poor"
759,54,34379.65,"PhD","Chicago","Finance",91,3,10,9138.44,"Excellent"
760,51,32313.31,"High School","Los Angeles","Marketing",58.6,22,6,4863.58,"Good"
761,32,50578.04,"Bachelor","Los Angeles","Finance",73.7,7,6,4123.79,"Poor"
762,54,54551.71,"Bachelor","Phoenix","Engineering",68.8,27,8,5068.04,"Good"
763,31,48541.96,"Master","Chicago","Marketing",69.2,17,3,8440.8,"Good"
764,54,76044.46,"Bachelor","New York","Marketing",77.1,12,5,3147.46,"Good"
765,43,58790.82,"High School","Phoenix","Marketing",97.5,29,9,6680.5,"Fair"
766,66,52883.45,"High School","Chicago","Marketing",57.7,30,4,1419.77,"Fair"
767,45,42948.91,"High School","Houston","HR",85.1,2,6,3139.26,"Good"
768,35,29079.68,"Bachelor","Los Angeles","HR",64.6,6,5,1491.42,"Excellent"
769,76,15813.47,"Bachelor","Houston","HR",58.1,25,9,5441.76,"Fair"
770,71,59268.23,"High School","Los Angeles","Finance",87.7,0,10,3072.87,"Good"
771,34,55506.72,"Bachelor","Houston","Marketing",55.7,28,1,2904.31,"Excellent"
772,67,82300.46,"Bachelor","Los Angeles","Sales",60.7,12,5,3203.42,"Good"
773,56,60821.88,"PhD","Houston","Engineering",90.2,17,9,3916.66,"Excellent"
774,62,70944.35,"Master","Phoenix","Sales",73.4,20,1,4652.77,"Excellent"
775,51,55819.73,"High School","Phoenix","Finance",98.7,15,5,8305.96,"Good"
776,29,38633.52,"Bachelor","Phoenix","HR",115.6,26,1,7521.03,"Good"
777,47,60792.81,"Bachelor","Los Angeles","Engineering",78,8,4,4232.11,"Good"
778,52,61795.74,"High School","Phoenix","Marketing",86.4,0,1,6435.35,"Fair"
779,37,38652.15,"Bachelor","Houston","HR",76.7,24,3,5222.67,"Good"
780,43,54425.01,"High School","Phoenix","HR",66.6,21,7,4162.33,"Excellent"
781,42,95015.63,"Bachelor","Houston","Engineering",64.2,29,5,5916.36,"Fair"
782,25,32414.68,"Master","Los Angeles","HR",91.1,9,7,5245.94,"Excellent"
783,37,84443.57,"High School","New York","Engineering",85.9,16,5,6397.16,"Good"
784,45,50458.62,"Bachelor","Houston","Engineering",82.1,18,7,4355.77,"Poor"
785,72,84646.21,"Bachelor","Chicago","Marketing",88.3,10,2,4154.88,"Poor"
786,63,38138.94,"Bachelor","Phoenix","Marketing",58,12,2,4026.34,"Excellent"
787,50,53676.09,"Master","New York","Marketing",58.5,4,9,6315.44,"Excellent"
788,73,61224.67,"High School","Chicago","Marketing",77.3,30,5,5873.1,"Good"
789,63,52748.2,"High School","Houston","Sales",83.1,8,1,6576.94,"Good"
790,38,68174.78,"Bachelor","Chicago","Finance",92.3,23,3,3776.06,"Good"
791,73,51662.77,"PhD","Houston","Engineering",97.2,1,2,4092.33,"Good"
792,67,79177.47,"High School","Phoenix","HR",77.7,10,1,2556.5,"Fair"
793,73,58408.39,"Master","Houston","HR",58.5,28,4,2055.97,"Poor"
794,51,68848.39,"High School","Chicago","Finance",57,21,6,6218.69,"Fair"
795,79,31289.06,"PhD","Los Angeles","HR",60.5,11,10,2124.2,"Good"
796,22,41832.21,"PhD","New York","Sales",95.9,12,1,4183.38,"Fair"
797,59,76790.16,"Bachelor","Chicago","Finance",81.1,25,1,5067.28,"Poor"
798,29,65175.72,"Bachelor","New York","Sales",97.4,10,9,2737.8,"Poor"
799,20,52281.87,"Master","New York","Engineering",64.8,5,10,8998.34,"Good"
800,75,52824.35,"Bachelor","New York","Marketing",74.2,2,2,5310.71,"Good"
801,35,70098,"Bachelor","Houston","Finance",84.6,24,7,5413.08,"Good"
802,67,50523.77,"Bachelor","New York","Engineering",80.4,19,9,5770.34,"Good"
803,67,56499.1,"High School","New York","Sales",57.4,4,6,4614.27,"Fair"
804,64,22080.9,"Bachelor","Phoenix","Marketing",52.7,25,8,1843.09,"Good"
805,18,90480.19,"Bachelor","Houston","HR",38.3,4,10,5402.74,"Fair"
806,25,70319.36,"PhD","Phoenix","HR",84.8,3,4,2096.43,"Good"
807,68,71645.76,"High School","New York","Sales",84,9,4,6029.4,"Good"
808,57,16890.85,"Bachelor","Chicago","Finance",74.9,7,4,4785.65,"Excellent"
809,47,54583.27,"High School","New York","Sales",105.5,11,5,5658.48,"Fair"
810,37,46821.32,"PhD","Houston","Sales",79.1,1,10,3168.04,"Good"
811,68,27472.27,"Bachelor","Los Angeles","Engineering",67.6,22,3,5157.55,"Fair"
812,51,69548.61,"Bachelor","Chicago","Sales",92.6,5,4,4184.74,"Fair"
813,38,79682.62,"Master","Houston","Engineering",90.1,22,4,5926.5,"Excellent"
814,69,43935.51,"Master","Chicago","Sales",64.4,16,3,4541.56,"Excellent"
815,80,50416.2,"High School","Chicago","Engineering",76,3,1,5002.5,"Fair"
816,36,89229.24,"Bachelor","New York","HR",88.3,6,3,4045.65,"Good"
817,78,22003.84,"Bachelor","New York","Engineering",89.3,6,6,2388.55,"Good"
818,75,69884.42,"Master","New York","Marketing",73,0,6,4986.7,"Good"
819,60,48719.57,"Bachelor","Los Angeles","Engineering",55.7,12,6,4980.02,"Excellent"
820,64,52693.78,"Master","New York","Engineering",99.9,1,7,5015.39,"Good"
821,35,42780.51,"Bachelor","Chicago","Sales",77,5,5,2707.82,"Good"
822,57,76933.91,"Bachelor","Los Angeles","Marketing",68,9,10,6958.08,"Fair"
823,41,32456.65,"Bachelor","Los Angeles","HR",70.4,12,6,6231.44,"Good"
824,59,74252.19,"Master","Phoenix","Engineering",68.5,27,8,4519.33,"Good"
825,46,83129.28,"High School","Houston","Marketing",49.4,29,4,6220.06,"Good"
826,51,22167.01,"Bachelor","New York","HR",72.4,4,1,2115.96,"Excellent"
827,39,32461.92,"PhD","Los Angeles","Sales",89.8,27,8,416.83,"Good"
828,21,66830.91,"PhD","Chicago","Engineering",109.3,6,10,5611.35,"Good"
829,40,35873.82,"High School","New York","HR",67,12,2,8173.86,"Excellent"
830,34,41169.4,"Bachelor","New York","Marketing",72.2,12,2,3817.84,"Fair"
831,61,46092.94,"Master","Houston","HR",84.9,15,9,5179.34,"Poor"
832,72,48110.32,"High School","Los Angeles","Marketing",72.5,30,2,6308.63,"Good"
833,37,69073.96,"Bachelor","Chicago","Engineering",66.9,25,10,6924.41,"Fair"
834,68,42939.88,"Bachelor","Los Angeles","Marketing",70,6,2,2082.18,"Good"
835,56,56787.01,"Bachelor","Houston","Marketing",78.3,21,7,5004.61,"Good"
836,26,69749.89,"High School","New York","HR",41.4,5,3,2948.41,"Good"
837,80,24192.41,"Bachelor","New York","Sales",65.4,27,10,4505.15,"Fair"
838,79,41207.35,"Master","Houston","Engineering",76.9,12,2,3564.6,"Good"
839,36,72195.87,"Master","Phoenix","Sales",82.5,27,2,4636.26,"Good"
840,38,47469.61,"Master","Chicago","Marketing",60.3,4,9,4390.81,"Fair"
841,60,4298.33,"Bachelor","Los Angeles","Marketing",66,25,9,2549.16,"Good"
842,60,37843.82,"Bachelor","Los Angeles","Sales",49.7,29,9,4244.38,"Excellent"
843,80,71320.53,"Master","New York","Sales",81.9,30,2,6753.19,"Fair"
844,61,46468.22,"Master","Houston","HR",84.5,21,8,4531.17,"Fair"
845,34,46907.26,"High School","Houston","Marketing",73.9,18,10,2684.96,"Good"
846,51,52084.62,"Bachelor","New York","HR",75.4,13,2,5054.49,"Good"
847,69,69389.33,"High School","Houston","Engineering",37.3,16,8,2019.48,"Good"
848,24,45178.18,"High School","Houston","Sales",96.2,26,9,3336.64,"Fair"
849,66,64519.17,"Bachelor","Los Angeles","Finance",70.5,18,3,4527.69,"Good"
850,21,66463.07,"PhD","Houston","HR",66,6,4,3172.35,"Fair"
851,62,34622.81,"Bachelor","New York","HR",75.3,0,10,4388.3,"Excellent"
852,68,53762.56,"High School","Los Angeles","Engineering",84,23,7,7342.2,"Excellent"
853,18,44233.9,"High School","Chicago","Sales",98.6,18,4,1256.73,"Excellent"
854,45,63339.09,"Bachelor","New York","HR",80.8,9,4,1196.32,"Good"
855,34,24834.47,"High School","Chicago","Sales",58.1,1,8,5028.25,"Excellent"
856,53,85783.4,"High School","Los Angeles","Finance",73.8,2,9,4228.47,"Good"
857,74,81920.36,"Bachelor","Phoenix","Marketing",76.6,13,1,NA,"Excellent"
858,51,38142.88,"Bachelor","New York","Finance",77.5,12,8,5953.29,"Fair"
859,44,41602.52,"Master","Los Angeles","Marketing",89.8,30,4,7093.37,"Excellent"
860,46,36830.25,"Bachelor","New York","Marketing",73.7,28,10,4342.49,"Good"
861,43,52269.19,"Bachelor","New York","HR",63.3,26,6,6926.37,"Poor"
862,74,44979.24,"PhD","Chicago","Engineering",95.9,17,10,8336.48,"Good"
863,38,57252.77,"Bachelor","Houston","Engineering",116.2,14,8,2831.29,"Good"
864,57,17495.65,"Master","Phoenix","Finance",70.5,10,5,7204.16,"Good"
865,52,58170.93,"High School","Phoenix","Sales",89.1,4,10,8441.46,"Good"
866,75,55311.25,"High School","Los Angeles","Marketing",91.2,20,6,6643.76,"Good"
867,30,22987.93,"Bachelor","Houston","Sales",88.8,16,4,6786.05,"Good"
868,51,60519.46,"Bachelor","Phoenix","Finance",68.9,1,7,2975.77,"Good"
869,72,56099.05,"Bachelor","Chicago","Finance",85,17,8,5364.09,"Poor"
870,53,50388.53,"PhD","Los Angeles","Marketing",93.4,2,6,5748.42,"Good"
871,58,54735.67,"Bachelor","New York","Finance",119.8,24,5,4565.21,"Fair"
872,60,62698.98,"Master","Chicago","Marketing",81,29,1,3381.83,"Good"
873,45,61934.47,"High School","Los Angeles","Finance",76.1,1,2,5423.3,"Good"
874,27,46367.74,"Bachelor","Los Angeles","Sales",60.8,24,2,3246.19,"Good"
875,49,78003.56,"Bachelor","Chicago","Engineering",75.2,22,4,7567.44,"Fair"
876,63,54269.36,"Master","Phoenix","Engineering",85.6,7,8,8235.8,"Fair"
877,44,52283.97,"Bachelor","Los Angeles","Sales",85,30,2,5359.05,"Good"
878,50,73892.36,"Master","Phoenix","Engineering",61.4,26,8,1914.88,"Fair"
879,18,74840.83,"Bachelor","Chicago","Finance",75.1,8,6,6927.11,"Fair"
880,31,40986.6,"Master","New York","Engineering",58.8,1,8,3246.14,"Poor"
881,80,35178.83,"Bachelor","Phoenix","HR",81.1,28,5,7045.2,"Good"
882,69,40887.64,"Master","Chicago","Marketing",76.4,13,7,8437.46,"Excellent"
883,75,31484.48,"Bachelor","Los Angeles","HR",93.2,11,8,5663.98,"Good"
884,70,19376.06,"Master","Houston","HR",77.3,15,6,6182.67,"Good"
885,49,61212.15,"PhD","Houston","Engineering",90.1,3,2,4893.39,"Excellent"
886,45,52097.79,"High School","New York","Engineering",83.9,10,3,4011.43,"Fair"
887,60,67851,"Bachelor","Chicago","Engineering",62.3,8,8,3231.95,"Good"
888,80,54966.81,"Master","Chicago","Marketing",52.6,18,9,4765.71,"Good"
889,49,63183.26,"High School","Los Angeles","Sales",74.4,23,10,7778.6,"Good"
890,58,45078.84,"Bachelor","Phoenix","Sales",107.9,20,9,6402.44,"Good"
891,47,35797.84,"Bachelor","Phoenix","HR",86.4,30,3,4590.31,"Good"
892,68,70562.64,"High School","Houston","Sales",82.9,13,3,2935.55,"Excellent"
893,54,70222.41,"High School","New York","Finance",84.6,24,1,4344.72,"Good"
894,70,20325.76,"High School","Chicago","Finance",94.3,30,7,3252.36,"Good"
895,51,72545.89,"Bachelor","Chicago","Finance",100.3,10,1,6388.04,"Good"
896,58,19532.57,"High School","Houston","Sales",89.5,23,2,2322.45,"Fair"
897,52,54086.25,"Master","Los Angeles","HR",94.4,16,2,5337.27,"Poor"
898,41,47102.55,"Bachelor","Chicago","HR",90.5,24,6,7289.77,"Excellent"
899,61,52438.87,"Bachelor","Chicago","Engineering",96.1,1,6,6135.39,"Good"
900,51,76924.75,"High School","Los Angeles","Sales",92.4,12,9,4471.13,"Good"
901,76,29895.64,"High School","Chicago","HR",51,18,5,7067.64,"Good"
902,41,49690.33,"High School","Chicago","Sales",63.7,3,7,9262.94,"Excellent"
903,78,106066.05,"High School","New York","Sales",71.4,24,5,4983.79,"Good"
904,45,25433.87,"Master","Phoenix","Sales",74.7,27,1,3291.23,"Excellent"
905,65,42468.25,"Master","Houston","Engineering",104.5,25,5,4289.03,"Fair"
906,35,54178.96,"High School","Houston","Marketing",80.8,13,6,7289.44,"Good"
907,47,58999.06,"High School","Houston","Marketing",91,20,7,8291.72,"Good"
908,39,44333.89,"Bachelor","Houston","Engineering",70.9,2,4,4489.84,"Poor"
909,43,49679.35,"High School","Chicago","Marketing",77.8,7,6,4224.02,"Good"
910,66,76682.96,"Master","Phoenix","Finance",72.3,2,7,4279.51,"Fair"
911,37,51385.09,"High School","Phoenix","HR",72.7,17,3,2288.91,"Fair"
912,48,60031.11,"High School","Los Angeles","HR",101.8,8,3,5525.4,"Poor"
913,57,62390.84,"Bachelor","New York","Engineering",79.6,22,5,6587.12,"Good"
914,47,63140.69,"Bachelor","Houston","Sales",80.5,8,5,4842.72,"Good"
915,25,64850.1,"High School","New York","Sales",74.4,19,8,7265.67,"Poor"
916,68,56092.65,"Bachelor","Phoenix","Sales",66,26,4,5856.04,"Fair"
917,64,40826.52,"High School","Los Angeles","Engineering",72,30,9,5696.63,"Good"
918,42,53834.58,"PhD","Chicago","Marketing",56.8,29,10,6307.74,"Excellent"
919,75,35731.56,"Master","New York","HR",74.7,4,2,5748.47,"Excellent"
920,55,56867.87,"High School","Phoenix","Finance",63.7,16,10,3560.71,"Fair"
921,52,48041.98,"High School","Los Angeles","Marketing",92.8,18,7,8080.27,"Good"
922,18,52633.31,"Bachelor","Los Angeles","HR",97.7,11,2,3503.23,"Excellent"
923,47,33018.18,"High School","Houston","Sales",57.4,20,6,2234.7,"Good"
924,64,49338.47,"Bachelor","New York","HR",55.6,15,2,3938.25,"Fair"
925,21,33205.31,"PhD","New York","Marketing",67.7,30,7,5397.86,"Good"
926,45,46886.69,"Master","Los Angeles","HR",74.1,6,8,2915.51,"Excellent"
927,58,65538.15,"High School","Chicago","Finance",76.9,3,6,7118.78,"Good"
928,50,59808.4,"High School","New York","Engineering",87,17,2,5433.96,"Excellent"
929,60,72967.25,"High School","New York","Finance",59.8,9,10,2892.6,"Good"
930,23,NA,"Master","Houston","Marketing",78.7,14,10,8873.81,"Good"
931,37,57239.83,"Master","Phoenix","Engineering",65.4,28,1,5036.37,"Fair"
932,31,74966.27,"Bachelor","Houston","Sales",66,3,8,2656.48,"Poor"
933,26,78834.34,"PhD","New York","Marketing",83.2,30,1,5304.99,"Excellent"
934,45,27012.25,"Bachelor","New York","Engineering",76.9,6,9,8768.79,"Excellent"
935,48,72842.95,"Master","Los Angeles","Engineering",85.6,17,1,3336.16,"Good"
936,41,70559.18,"Bachelor","New York","Finance",62.6,3,7,2045.88,"Good"
937,23,73838.29,"High School","Los Angeles","Marketing",76.3,29,6,3937.99,"Good"
938,61,36823.95,"Master","New York","Finance",72.3,29,2,5858.46,"Poor"
939,39,103178.62,"Bachelor","New York","Marketing",90.4,3,3,4401.95,"Good"
940,66,3115,"PhD","New York","Engineering",74.6,17,8,5775.73,"Fair"
941,28,55137.26,"High School","New York","Finance",63,18,10,3600.8,"Good"
942,76,57362.13,"Bachelor","Chicago","Sales",85.8,30,2,NA,"Fair"
943,26,52006.05,"High School","New York","Engineering",82.9,22,6,5913.48,"Good"
944,35,69957.47,"Master","Los Angeles","Sales",87.2,18,8,4752.28,"Fair"
945,60,57480.7,"Bachelor","New York","Sales",77.6,27,6,5523.32,"Fair"
946,36,39438.91,"Bachelor","Chicago","Sales",62.4,1,1,5531.1,"Good"
947,50,83200.67,"Bachelor","New York","Engineering",52.7,22,7,5836.51,"Good"
948,60,49121.76,"Bachelor","Phoenix","Sales",NA,22,3,7738.03,"Excellent"
949,66,67213.57,"Bachelor","Los Angeles","Marketing",89,2,7,7225.4,"Good"
950,66,41669.8,"High School","Phoenix","Engineering",75.6,8,6,9148.85,"Good"
951,57,33802.34,"PhD","Los Angeles","Sales",39.1,4,8,9242.53,"Good"
952,28,42883.23,"High School","Houston","Finance",73.6,0,5,4577.2,"Good"
953,67,33863.17,"Master","Los Angeles","Sales",87.3,22,1,5220.96,"Good"
954,50,65662.13,"Bachelor","Chicago","HR",67.6,12,5,2973.39,"Poor"
955,72,23958.15,"Bachelor","Houston","Engineering",79.7,6,4,1495.83,"Good"
956,55,35430.21,"Master","Houston","HR",59.4,23,1,7072.58,"Good"
957,51,55544.37,"High School","Phoenix","Engineering",82.7,26,9,5755.49,"Excellent"
958,63,20688.55,"Bachelor","Chicago","Finance",55,10,6,11675.09,"Excellent"
959,54,44902.24,"High School","Phoenix","Finance",66.7,16,7,5120.5,"Fair"
960,18,48901.55,"High School","Phoenix","Sales",93.5,24,3,4574.18,"Excellent"
961,47,81921.56,"Bachelor","New York","Finance",71.7,0,6,6604.07,"Poor"
962,74,49849.27,"Master","Houston","HR",96.3,18,4,1878.4,"Good"
963,72,44534.25,"Bachelor","Houston","HR",80.5,11,3,3350.62,"Good"
964,35,NA,"Master","Houston","Sales",93.5,18,10,7164.07,"Excellent"
965,77,63944.42,"Bachelor","Los Angeles","Finance",74,14,2,5493.47,"Excellent"
966,21,48610.98,"High School","Los Angeles","Engineering",85.2,20,3,5649.83,"Excellent"
967,32,44124.42,"Master","New York","Sales",83,20,4,5225.24,"Good"
968,24,49406.53,"Master","Los Angeles","Engineering",69.3,2,10,2551.93,"Fair"
969,31,76304.65,"Bachelor","Los Angeles","Engineering",98.9,23,10,1447.39,"Good"
970,27,86356.57,"Master","New York","Marketing",88.4,23,10,1668.77,"Good"
971,52,42137.76,"High School","Los Angeles","Sales",62.6,6,10,6499.15,"Good"
972,24,55410.43,"Bachelor","Houston","Finance",92.8,7,6,4913.05,"Good"
973,22,48516.31,"Master","Chicago","Engineering",67.8,12,7,4894.73,"Good"
974,41,92147.92,"Bachelor","Houston","Finance",35.7,16,9,6848.45,"Good"
975,55,66815.28,"Master","Los Angeles","Sales",71.7,9,1,7382.85,"Good"
976,22,19387.47,"Bachelor","Phoenix","Marketing",61.1,29,3,2269.37,"Poor"
977,38,46317.83,"Bachelor","New York","Finance",68.9,23,8,5965.84,"Fair"
978,80,9145.01,"High School","New York","Marketing",66,3,1,8234.77,"Good"
979,67,53140.7,"Bachelor","Los Angeles","Engineering",38.3,6,7,8382.41,"Good"
980,58,69079.29,"PhD","Los Angeles","Sales",67.5,26,4,5008.89,"Fair"
981,52,37110.21,"High School","Phoenix","Sales",89.4,19,7,6856.93,"Fair"
982,20,29349.86,"High School","Phoenix","Marketing",49.7,11,2,6462.98,"Good"
983,26,80115.68,"Bachelor","Chicago","Marketing",96.8,27,10,8525.79,"Fair"
984,80,35707.4,"Bachelor","Los Angeles","Finance",97.9,18,3,8520.61,"Good"
985,62,73155.68,"High School","New York","Marketing",60.8,26,10,3076.82,"Poor"
986,44,59281.47,"High School","Los Angeles","Engineering",109.4,8,9,3424.34,"Poor"
987,46,72620.46,"High School","New York","Engineering",58.5,9,2,9154.12,"Excellent"
988,44,75050.9,"Bachelor","Phoenix","Marketing",77.2,9,6,5891.89,"Good"
989,56,77798.21,"High School","Chicago","Engineering",69.1,11,2,4164.33,"Good"
990,59,79720.72,"PhD","Chicago","Marketing",93.9,20,9,6150.28,"Good"
991,34,60908.03,"Bachelor","New York","HR",56.2,0,8,4294.7,"Good"
992,51,58435.22,"Master","Phoenix","HR",68.1,11,10,6389.47,"Excellent"
993,37,35892.21,"Bachelor","Los Angeles","HR",52.7,24,2,3644.06,"Good"
994,66,30791.82,"High School","Houston","Marketing",87.6,3,5,6178.46,"Poor"
995,43,NA,"Bachelor","Los Angeles","Marketing",83.6,16,7,7851.58,"Fair"
996,29,52283.68,"Bachelor","Los Angeles","Marketing",73.1,15,2,5981.93,"Good"
997,41,35254.54,"Bachelor","Houston","Marketing",62.9,18,10,5431.99,"Excellent"
998,41,71638.5,"PhD","Los Angeles","Engineering",60.4,12,4,1226.11,"Excellent"
999,55,39098.81,"High School","Los Angeles","HR",76.4,25,9,4555.05,"Excellent"
1000,47,61809.29,"Bachelor","Phoenix","Engineering",54,25,5,5066.65,"Good"
